{"cameraMode":{"drawMode":0,"name":"Shaded","section":"Shading Mode"},"sceneLighting":false,"audioPlay":false,"sceneViewState":{"showFog":true,"showMaterialUpdate":false,"showSkybox":false,"showFlares":true,"showImageEffects":true,"showParticleSystems":true},"in2DMode":false,"pivot":{"x":-2.0999999046325685,"y":0.050000011920928958,"z":-41.400001525878909},"rotation":{"x":-0.38858261704444888,"y":0.029567116871476175,"z":-0.012476826086640358,"w":-0.9208561778068543},"size":14.87501049041748,"orthographic":false}