{"cameraMode":{"drawMode":0,"name":"Shaded","section":"Shading Mode"},"sceneLighting":true,"audioPlay":false,"sceneViewState":{"showFog":true,"showMaterialUpdate":false,"showSkybox":true,"showFlares":true,"showImageEffects":true,"showParticleSystems":true},"in2DMode":false,"pivot":{"x":1.0399999618530274,"y":0.3400000035762787,"z":-28.139999389648439},"rotation":{"x":-0.38858261704444888,"y":0.029567116871476175,"z":-0.012476826086640358,"w":-0.9208561778068543},"size":13.983978271484375,"orthographic":false}