{"cameraMode":{"drawMode":0,"name":"Shaded","section":"Shading Mode"},"sceneLighting":false,"audioPlay":false,"sceneViewState":{"showFog":true,"showMaterialUpdate":false,"showSkybox":false,"showFlares":true,"showImageEffects":true,"showParticleSystems":true},"in2DMode":false,"pivot":{"x":-2.0999999046325685,"y":0.050000011920928958,"z":-41.400001525878909},"rotation":{"x":0.25057482719421389,"y":-0.4177858829498291,"z":0.12104152888059616,"w":0.8648831248283386},"size":14.87501049041748,"orthographic":false}