{"cameraMode":{"drawMode":0,"name":"Shaded","section":"Shading Mode"},"sceneLighting":true,"audioPlay":false,"sceneViewState":{"showFog":true,"showMaterialUpdate":false,"showSkybox":true,"showFlares":true,"showImageEffects":true,"showParticleSystems":true},"in2DMode":false,"pivot":{"x":-0.9600000381469727,"y":1.7000000476837159,"z":-9.329999923706055},"rotation":{"x":-0.26232588291168215,"y":0.26411324739456179,"z":-0.07489290833473206,"w":-0.92510586977005},"size":11.340059280395508,"orthographic":false}