{"cameraMode":{"drawMode":0,"name":"Shaded","section":"Shading Mode"},"sceneLighting":true,"audioPlay":false,"sceneViewState":{"showFog":true,"showMaterialUpdate":false,"showSkybox":true,"showFlares":true,"showImageEffects":true,"showParticleSystems":true},"in2DMode":false,"pivot":{"x":669.87353515625,"y":380.635009765625,"z":0.5350000262260437},"rotation":{"x":0.0029998302925378086,"y":0.010499761439859867,"z":-0.0000314993885695003,"w":0.9999404549598694},"size":185.2371368408203,"orthographic":true}