{"cameraMode":{"drawMode":0,"name":"Shaded","section":"Shading Mode"},"sceneLighting":true,"audioPlay":false,"sceneViewState":{"showFog":true,"showMaterialUpdate":false,"showSkybox":true,"showFlares":true,"showImageEffects":true,"showParticleSystems":true},"in2DMode":false,"pivot":{"x":354.70849609375,"y":265.747802734375,"z":28.59000015258789},"rotation":{"x":0.0029998302925378086,"y":0.010499761439859867,"z":-0.0000314993885695003,"w":0.9999404549598694},"size":406.0588684082031,"orthographic":true}