{"cameraMode":{"drawMode":0,"name":"Shaded","section":"Shading Mode"},"sceneLighting":true,"audioPlay":false,"sceneViewState":{"showFog":true,"showMaterialUpdate":false,"showSkybox":true,"showFlares":true,"showImageEffects":true,"showParticleSystems":true},"in2DMode":false,"pivot":{"x":498.7797546386719,"y":46.04332733154297,"z":32.989994049072269},"rotation":{"x":0.2791285812854767,"y":0.00864214263856411,"z":-0.0025122235529124738,"w":0.960212230682373},"size":1161.2869873046875,"orthographic":false}