{"cameraMode":{"drawMode":0,"name":"Shaded","section":"Shading Mode"},"sceneLighting":true,"audioPlay":false,"sceneViewState":{"showFog":true,"showMaterialUpdate":false,"showSkybox":true,"showFlares":true,"showImageEffects":true,"showParticleSystems":true},"in2DMode":false,"pivot":{"x":-1.1909922361373902,"y":-25.533985137939454,"z":-35.341644287109378},"rotation":{"x":0.28259697556495669,"y":2.511060586130043e-7,"z":5.584813607129036e-7,"w":0.9592409133911133},"size":18.171873092651368,"orthographic":true}