{"cameraMode":{"drawMode":0,"name":"Shaded","section":"Shading Mode"},"sceneLighting":true,"audioPlay":false,"sceneViewState":{"showFog":true,"showMaterialUpdate":false,"showSkybox":true,"showFlares":true,"showImageEffects":true,"showParticleSystems":true},"in2DMode":false,"pivot":{"x":15.572832107543946,"y":-13.293210983276368,"z":14.051780700683594},"rotation":{"x":-0.2320217341184616,"y":-0.2401144802570343,"z":0.059220992028713229,"w":-0.9407471418380737},"size":51.14972686767578,"orthographic":false}