{"cameraMode":{"drawMode":0,"name":"Shaded","section":"Shading Mode"},"sceneLighting":true,"audioPlay":false,"sceneViewState":{"showFog":true,"showMaterialUpdate":false,"showSkybox":true,"showFlares":true,"showImageEffects":true,"showParticleSystems":true},"in2DMode":false,"pivot":{"x":1.0669316053390504,"y":4.525076389312744,"z":-3.553981304168701},"rotation":{"x":0.22533905506134034,"y":-0.49438148736953738,"z":0.13443154096603394,"w":0.8286975622177124},"size":2.7748425006866457,"orthographic":false}