{"cameraMode":{"drawMode":0,"name":"Shaded","section":"Shading Mode"},"sceneLighting":true,"audioPlay":false,"sceneViewState":{"showFog":true,"showMaterialUpdate":false,"showSkybox":true,"showFlares":true,"showImageEffects":true,"showParticleSystems":true},"in2DMode":false,"pivot":{"x":0.25999999046325686,"y":1.4600000381469727,"z":-44.0},"rotation":{"x":0.017994623631238939,"y":-0.022494511678814889,"z":0.0004049613489769399,"w":0.9995862245559692},"size":6.664872169494629,"orthographic":true}