{"cameraMode":{"drawMode":0,"name":"Shaded","section":"Shading Mode"},"sceneLighting":true,"audioPlay":false,"sceneViewState":{"showFog":true,"showMaterialUpdate":false,"showSkybox":true,"showFlares":true,"showImageEffects":true,"showParticleSystems":true},"in2DMode":false,"pivot":{"x":0.0,"y":1.4197783470153809,"z":-42.980220794677737},"rotation":{"x":0.19317013025283814,"y":-0.009142852388322354,"z":0.0017883265390992165,"w":0.9811344742774963},"size":2.221076726913452,"orthographic":true}