{"cameraMode":{"drawMode":0,"name":"Shaded","section":"Shading Mode"},"sceneLighting":true,"audioPlay":false,"sceneViewState":{"showFog":true,"showMaterialUpdate":false,"showSkybox":true,"showFlares":true,"showImageEffects":true,"showParticleSystems":true},"in2DMode":false,"pivot":{"x":-3.9100000858306886,"y":2.259999990463257,"z":-19.450000762939454},"rotation":{"x":0.09231012314558029,"y":0.10880923271179199,"z":-0.01014859788119793,"w":0.9897173047065735},"size":9.78923511505127,"orthographic":true}