{"cameraMode":{"drawMode":0,"name":"Shaded","section":"Shading Mode"},"sceneLighting":true,"audioPlay":false,"sceneViewState":{"showFog":true,"showMaterialUpdate":false,"showSkybox":true,"showFlares":true,"showImageEffects":true,"showParticleSystems":true},"in2DMode":false,"pivot":{"x":13.715450286865235,"y":-90.48393249511719,"z":95.32868957519531},"rotation":{"x":0.36099371314048769,"y":0.05032321438193321,"z":-0.019512634724378587,"w":0.9310047030448914},"size":1329.87646484375,"orthographic":true}