{"cameraMode":{"drawMode":0,"name":"Shaded","section":"Shading Mode"},"sceneLighting":true,"audioPlay":false,"sceneViewState":{"showFog":true,"showMaterialUpdate":false,"showSkybox":true,"showFlares":true,"showImageEffects":true,"showParticleSystems":true},"in2DMode":false,"pivot":{"x":3.630000114440918,"y":1.7000000476837159,"z":1.899999976158142},"rotation":{"x":0.4186767637729645,"y":0.00681091845035553,"z":-0.0031401372980326416,"w":0.908105194568634},"size":47.76412582397461,"orthographic":true}