{"cameraMode":{"drawMode":0,"name":"Shaded","section":"Shading Mode"},"sceneLighting":true,"audioPlay":false,"sceneViewState":{"showFog":true,"showMaterialUpdate":false,"showSkybox":true,"showFlares":true,"showImageEffects":true,"showParticleSystems":true},"in2DMode":false,"pivot":{"x":-3.9100000858306886,"y":2.259999990463257,"z":-19.450000762939454},"rotation":{"x":0.14299717545509339,"y":0.08303292095661164,"z":-0.01204006839543581,"w":0.9861612319946289},"size":15.400837898254395,"orthographic":true}