{"cameraMode":{"drawMode":0,"name":"Shaded","section":"Shading Mode"},"sceneLighting":true,"audioPlay":false,"sceneViewState":{"showFog":true,"showMaterialUpdate":false,"showSkybox":true,"showFlares":true,"showImageEffects":true,"showParticleSystems":true},"in2DMode":false,"pivot":{"x":3.699350357055664,"y":2.550384521484375,"z":-5.1009521484375},"rotation":{"x":0.0689433366060257,"y":-0.008379172533750534,"z":0.0005776845500804484,"w":0.9975953698158264},"size":18.34490966796875,"orthographic":true}