{"cameraMode":{"drawMode":0,"name":"Shaded","section":"Shading Mode"},"sceneLighting":true,"audioPlay":false,"sceneViewState":{"showFog":true,"showMaterialUpdate":false,"showSkybox":true,"showFlares":true,"showImageEffects":true,"showParticleSystems":true},"in2DMode":false,"pivot":{"x":-9.819805145263672,"y":5.513113021850586,"z":-13.2471923828125},"rotation":{"x":0.2555588483810425,"y":0.08686927706003189,"z":-0.02306259796023369,"w":0.96260666847229},"size":23.597505569458009,"orthographic":true}