{"cameraMode":{"drawMode":0,"name":"Shaded","section":"Shading Mode"},"sceneLighting":true,"audioPlay":false,"sceneViewState":{"showFog":true,"showMaterialUpdate":false,"showSkybox":true,"showFlares":true,"showImageEffects":true,"showParticleSystems":true},"in2DMode":false,"pivot":{"x":-8.979999542236329,"y":1.3199999332427979,"z":-7.349999904632568},"rotation":{"x":0.13241517543792725,"y":-0.03716067224740982,"z":0.0049677263014018539,"w":0.9904899597167969},"size":6.369360446929932,"orthographic":true}