{"cameraMode":{"drawMode":0,"name":"Shaded","section":"Shading Mode"},"sceneLighting":true,"audioPlay":false,"sceneViewState":{"showFog":true,"showMaterialUpdate":false,"showSkybox":true,"showFlares":true,"showImageEffects":true,"showParticleSystems":true},"in2DMode":false,"pivot":{"x":-0.3970254063606262,"y":2.050487518310547,"z":-1.8408596515655518},"rotation":{"x":0.2753696143627167,"y":-0.01297758799046278,"z":0.003717721439898014,"w":0.9612447619438171},"size":67.70545959472656,"orthographic":false}