{"cameraMode":{"drawMode":0,"name":"Shaded","section":"Shading Mode"},"sceneLighting":true,"audioPlay":false,"sceneViewState":{"showFog":true,"showMaterialUpdate":false,"showSkybox":true,"showFlares":true,"showImageEffects":true,"showParticleSystems":true},"in2DMode":false,"pivot":{"x":0.05763673782348633,"y":4.989187240600586,"z":-40.5518798828125},"rotation":{"x":0.12713386118412019,"y":0.01844882033765316,"z":-0.0023664571344852449,"w":0.991721510887146},"size":21.969093322753908,"orthographic":true}