{"cameraMode":{"drawMode":0,"name":"Shaded","section":"Shading Mode"},"sceneLighting":true,"audioPlay":false,"sceneViewState":{"showFog":true,"showMaterialUpdate":false,"showSkybox":true,"showFlares":true,"showImageEffects":true,"showParticleSystems":true},"in2DMode":false,"pivot":{"x":-1.9564828872680665,"y":1.3595170974731446,"z":-6.7361040115356449},"rotation":{"x":0.2555588483810425,"y":0.08686927706003189,"z":-0.02306259796023369,"w":0.96260666847229},"size":22.07001495361328,"orthographic":true}