{"cameraMode":{"drawMode":0,"name":"Shaded","section":"Shading Mode"},"sceneLighting":true,"audioPlay":false,"sceneViewState":{"showFog":true,"showMaterialUpdate":false,"showSkybox":true,"showFlares":true,"showImageEffects":true,"showParticleSystems":true},"in2DMode":false,"pivot":{"x":3.630000114440918,"y":1.7000000476837159,"z":1.899999976158142},"rotation":{"x":0.24619530141353608,"y":0.04272826761007309,"z":-0.010864743031561375,"w":0.9682167768478394},"size":7.302178382873535,"orthographic":true}