{"cameraMode":{"drawMode":0,"name":"Shaded","section":"Shading Mode"},"sceneLighting":true,"audioPlay":false,"sceneViewState":{"showFog":true,"showMaterialUpdate":false,"showSkybox":true,"showFlares":true,"showImageEffects":true,"showParticleSystems":true},"in2DMode":false,"pivot":{"x":0.5995063781738281,"y":11.327566146850586,"z":-11.1768798828125},"rotation":{"x":0.4186767637729645,"y":0.00681091845035553,"z":-0.0031401372980326416,"w":0.908105194568634},"size":679.1680908203125,"orthographic":true}