{"cameraMode":{"drawMode":0,"name":"Shaded","section":"Shading Mode"},"sceneLighting":true,"audioPlay":false,"sceneViewState":{"showFog":true,"showMaterialUpdate":false,"showSkybox":true,"showFlares":true,"showImageEffects":true,"showParticleSystems":true},"in2DMode":false,"pivot":{"x":-0.43387043476104739,"y":1.4052495956420899,"z":-6.900127410888672},"rotation":{"x":0.13241517543792725,"y":-0.03716067224740982,"z":0.0049677263014018539,"w":0.9904899597167969},"size":15.332590103149414,"orthographic":true}