{"cameraMode":{"drawMode":0,"name":"Shaded","section":"Shading Mode"},"sceneLighting":true,"audioPlay":false,"sceneViewState":{"showFog":true,"showMaterialUpdate":false,"showSkybox":true,"showFlares":true,"showImageEffects":true,"showParticleSystems":true},"in2DMode":false,"pivot":{"x":-1.1999988555908204,"y":0.8999999761581421,"z":-2.7000017166137697},"rotation":{"x":0.017994623631238939,"y":-0.022494511678814889,"z":0.0004049613489769399,"w":0.9995862245559692},"size":12.086822509765625,"orthographic":true}