{"cameraMode":{"drawMode":0,"name":"Shaded","section":"Shading Mode"},"sceneLighting":true,"audioPlay":false,"sceneViewState":{"showFog":true,"showMaterialUpdate":false,"showSkybox":true,"showFlares":true,"showImageEffects":true,"showParticleSystems":true},"in2DMode":false,"pivot":{"x":468.82501220703127,"y":110.85162353515625,"z":-0.4112499952316284},"rotation":{"x":0.2555588483810425,"y":0.08686927706003189,"z":-0.02306259796023369,"w":0.96260666847229},"size":95.9632339477539,"orthographic":true}