{"cameraMode":{"drawMode":0,"name":"Shaded","section":"Shading Mode"},"sceneLighting":true,"audioPlay":false,"sceneViewState":{"showFog":true,"showMaterialUpdate":false,"showSkybox":true,"showFlares":true,"showImageEffects":true,"showParticleSystems":true},"in2DMode":false,"pivot":{"x":-24.861629486083986,"y":-200.05755615234376,"z":184.905517578125},"rotation":{"x":0.3554845452308655,"y":-0.046239931136369708,"z":0.01761075109243393,"w":0.9333748817443848},"size":394.45086669921877,"orthographic":false}