{"cameraMode":{"drawMode":0,"name":"Shaded","section":"Shading Mode"},"sceneLighting":true,"audioPlay":false,"sceneViewState":{"showFog":true,"showMaterialUpdate":false,"showSkybox":true,"showFlares":true,"showImageEffects":true,"showParticleSystems":true},"in2DMode":false,"pivot":{"x":-1.9564828872680665,"y":1.3595170974731446,"z":-6.7361040115356449},"rotation":{"x":-0.2269064337015152,"y":-0.0005765382084064186,"z":0.0001354916166746989,"w":-0.9739239811897278},"size":24.440635681152345,"orthographic":true}