{"cameraMode":{"drawMode":0,"name":"Shaded","section":"Shading Mode"},"sceneLighting":true,"audioPlay":false,"sceneViewState":{"showFog":true,"showMaterialUpdate":false,"showSkybox":true,"showFlares":true,"showImageEffects":true,"showParticleSystems":true},"in2DMode":false,"pivot":{"x":-3.4716992378234865,"y":3.668527126312256,"z":-40.0018310546875},"rotation":{"x":0.03439469635486603,"y":0.07548469305038452,"z":-0.0026063406839966776,"w":0.996559739112854},"size":13.811050415039063,"orthographic":true}