{"cameraMode":{"drawMode":0,"name":"Shaded","section":"Shading Mode"},"sceneLighting":true,"audioPlay":false,"sceneViewState":{"showFog":true,"showMaterialUpdate":false,"showSkybox":true,"showFlares":true,"showImageEffects":true,"showParticleSystems":true},"in2DMode":false,"pivot":{"x":342.70001220703127,"y":265.4674987792969,"z":0.3725000023841858},"rotation":{"x":0.12408459931612015,"y":-0.03868862986564636,"z":0.004841648042201996,"w":0.9915059208869934},"size":173.84219360351563,"orthographic":true}