{"cameraMode":{"drawMode":0,"name":"Shaded","section":"Shading Mode"},"sceneLighting":true,"audioPlay":false,"sceneViewState":{"showFog":true,"showMaterialUpdate":false,"showSkybox":true,"showFlares":true,"showImageEffects":true,"showParticleSystems":true},"in2DMode":false,"pivot":{"x":-3.7480835914611818,"y":4.67161750793457,"z":3.962724208831787},"rotation":{"x":0.45892274379730227,"y":0.13627998530864716,"z":-0.07149068266153336,"w":0.875097393989563},"size":12.2819242477417,"orthographic":true}