{"cameraMode":{"drawMode":0,"name":"Shaded","section":"Shading Mode"},"sceneLighting":true,"audioPlay":false,"sceneViewState":{"showFog":true,"showMaterialUpdate":false,"showSkybox":true,"showFlares":true,"showImageEffects":true,"showParticleSystems":true},"in2DMode":false,"pivot":{"x":0.41853010654449465,"y":1.5031743049621583,"z":-4.229528427124023},"rotation":{"x":0.331623911857605,"y":0.3157265782356262,"z":-0.1188402771949768,"w":0.8810341358184815},"size":1.0791420936584473,"orthographic":false}