{"cameraMode":{"drawMode":0,"name":"Shaded","section":"Shading Mode"},"sceneLighting":true,"audioPlay":false,"sceneViewState":{"showFog":true,"showMaterialUpdate":false,"showSkybox":true,"showFlares":true,"showImageEffects":true,"showParticleSystems":true},"in2DMode":false,"pivot":{"x":355.3941650390625,"y":206.07559204101563,"z":57.4969482421875},"rotation":{"x":0.07642468810081482,"y":0.00448695570230484,"z":-0.00034392697853036225,"w":0.9970657229423523},"size":435.4932861328125,"orthographic":true}