{"cameraMode":{"drawMode":0,"name":"Shaded","section":"Shading Mode"},"sceneLighting":true,"audioPlay":false,"sceneViewState":{"showFog":true,"showMaterialUpdate":false,"showSkybox":true,"showFlares":true,"showImageEffects":true,"showParticleSystems":true},"in2DMode":false,"pivot":{"x":202.65025329589845,"y":226.2696990966797,"z":33.79166793823242},"rotation":{"x":0.07642468810081482,"y":0.00448695570230484,"z":-0.00034392697853036225,"w":0.9970657229423523},"size":640.1732177734375,"orthographic":true}