{"cameraMode":{"drawMode":0,"name":"Shaded","section":"Shading Mode"},"sceneLighting":true,"audioPlay":false,"sceneViewState":{"showFog":true,"showMaterialUpdate":false,"showSkybox":true,"showFlares":true,"showImageEffects":true,"showParticleSystems":true},"in2DMode":false,"pivot":{"x":185.72500610351563,"y":53.040000915527347,"z":0.23749999701976777},"rotation":{"x":-0.046785783022642139,"y":0.017077742144465448,"z":-0.0008002354297786951,"w":-0.99876469373703},"size":63.95586395263672,"orthographic":false}