{"cameraMode":{"drawMode":0,"name":"Shaded","section":"Shading Mode"},"sceneLighting":true,"audioPlay":false,"sceneViewState":{"showFog":true,"showMaterialUpdate":false,"showSkybox":true,"showFlares":true,"showImageEffects":true,"showParticleSystems":true},"in2DMode":false,"pivot":{"x":4.199999809265137,"y":0.3499999940395355,"z":-22.479999542236329},"rotation":{"x":0.19962342083454133,"y":0.01557866670191288,"z":-0.0031748367473483087,"w":0.9797461628913879},"size":10.230537414550782,"orthographic":true}