{"cameraMode":{"drawMode":0,"name":"Shaded","section":"Shading Mode"},"sceneLighting":true,"audioPlay":false,"sceneViewState":{"showFog":true,"showMaterialUpdate":false,"showSkybox":true,"showFlares":true,"showImageEffects":true,"showParticleSystems":true},"in2DMode":false,"pivot":{"x":4.199999809265137,"y":0.3499999940395355,"z":-22.479999542236329},"rotation":{"x":0.26718294620513918,"y":-0.08284453302621842,"z":0.023060977458953859,"w":0.9598033428192139},"size":38.97319412231445,"orthographic":true}