{"cameraMode":{"drawMode":0,"name":"Shaded","section":"Shading Mode"},"sceneLighting":true,"audioPlay":false,"sceneViewState":{"showFog":true,"showMaterialUpdate":false,"showSkybox":true,"showFlares":true,"showImageEffects":true,"showParticleSystems":true},"in2DMode":false,"pivot":{"x":4.199999809265137,"y":0.34995001554489138,"z":-22.479999542236329},"rotation":{"x":0.5898611545562744,"y":0.004845060408115387,"z":-0.0035393170546740295,"w":0.8074845671653748},"size":16.91852569580078,"orthographic":true}