{"cameraMode":{"drawMode":0,"name":"Shaded","section":"Shading Mode"},"sceneLighting":true,"audioPlay":false,"sceneViewState":{"showFog":true,"showMaterialUpdate":false,"showSkybox":true,"showFlares":true,"showImageEffects":true,"showParticleSystems":true},"in2DMode":false,"pivot":{"x":-3.200000047683716,"y":0.3400000035762787,"z":-16.100000381469728},"rotation":{"x":0.5862290859222412,"y":0.002430527238175273,"z":-0.0017588002374395729,"w":0.8101414442062378},"size":56.702064514160159,"orthographic":true}