{"cameraMode":{"drawMode":0,"name":"Shaded","section":"Shading Mode"},"sceneLighting":true,"audioPlay":false,"sceneViewState":{"showFog":true,"showMaterialUpdate":false,"showSkybox":true,"showFlares":true,"showImageEffects":true,"showParticleSystems":true},"in2DMode":false,"pivot":{"x":-19.37080192565918,"y":-18.096630096435548,"z":14.944389343261719},"rotation":{"x":-0.24213869869709016,"y":0.3367842137813568,"z":-0.09006435424089432,"w":-0.905447244644165},"size":44.77304458618164,"orthographic":false}