{"cameraMode":{"drawMode":0,"name":"Shaded","section":"Shading Mode"},"sceneLighting":true,"audioPlay":false,"sceneViewState":{"showFog":true,"showMaterialUpdate":false,"showSkybox":true,"showFlares":true,"showImageEffects":true,"showParticleSystems":true},"in2DMode":false,"pivot":{"x":8.504805564880371,"y":9.092029571533204,"z":-13.894218444824219},"rotation":{"x":0.3333345949649811,"y":-0.4052724838256836,"z":0.16163618862628938,"w":0.8357747793197632},"size":19.222524642944337,"orthographic":false}