{"cameraMode":{"drawMode":0,"name":"Shaded","section":"Shading Mode"},"sceneLighting":true,"audioPlay":false,"sceneViewState":{"showFog":true,"showMaterialUpdate":false,"showSkybox":true,"showFlares":true,"showImageEffects":true,"showParticleSystems":true},"in2DMode":false,"pivot":{"x":-2.383084297180176,"y":1.2316174507141114,"z":8.28136157989502},"rotation":{"x":0.6093816161155701,"y":0.019023697823286058,"z":-0.014627330005168915,"w":0.7925170660018921},"size":27.408737182617189,"orthographic":true}