{"cameraMode":{"drawMode":0,"name":"Shaded","section":"Shading Mode"},"sceneLighting":true,"audioPlay":false,"sceneViewState":{"showFog":true,"showMaterialUpdate":false,"showSkybox":true,"showFlares":true,"showImageEffects":true,"showParticleSystems":true},"in2DMode":false,"pivot":{"x":-2.5994062423706056,"y":1.8799998760223389,"z":-0.36000001430511477},"rotation":{"x":0.38011521100997927,"y":-0.11251426488161087,"z":0.04664153233170509,"w":0.9169015884399414},"size":13.361542701721192,"orthographic":true}