{"cameraMode":{"drawMode":0,"name":"Shaded","section":"Shading Mode"},"sceneLighting":true,"audioPlay":false,"sceneViewState":{"showFog":true,"showMaterialUpdate":false,"showSkybox":true,"showFlares":true,"showImageEffects":true,"showParticleSystems":true},"in2DMode":false,"pivot":{"x":-1.5912425518035889,"y":-0.9943477511405945,"z":0.0},"rotation":{"x":0.17459341883659364,"y":0.008861621841788292,"z":-0.0015713776228949428,"w":0.9845995903015137},"size":5.12426233291626,"orthographic":true}