{"cameraMode":{"drawMode":0,"name":"Shaded","section":"Shading Mode"},"sceneLighting":true,"audioPlay":false,"sceneViewState":{"showFog":true,"showMaterialUpdate":false,"showSkybox":true,"showFlares":true,"showImageEffects":true,"showParticleSystems":true},"in2DMode":false,"pivot":{"x":-1.3002185821533204,"y":-7.293306350708008,"z":-9.202579498291016},"rotation":{"x":0.6627318859100342,"y":0.007190045900642872,"z":-0.006363926455378532,"w":0.7487986087799072},"size":17.330642700195314,"orthographic":true}