{"cameraMode":{"drawMode":0,"name":"Shaded","section":"Shading Mode"},"sceneLighting":true,"audioPlay":false,"sceneViewState":{"showFog":true,"showMaterialUpdate":false,"showSkybox":true,"showFlares":true,"showImageEffects":true,"showParticleSystems":true},"in2DMode":false,"pivot":{"x":2.600548267364502,"y":-1.6763544082641602,"z":-6.367246150970459},"rotation":{"x":0.16536135971546174,"y":-0.06592375040054321,"z":0.01107879914343357,"w":0.983968198299408},"size":5.099789619445801,"orthographic":true}