{"cameraMode":{"drawMode":0,"name":"Shaded","section":"Shading Mode"},"sceneLighting":true,"audioPlay":false,"sceneViewState":{"showFog":true,"showMaterialUpdate":false,"showSkybox":true,"showFlares":true,"showImageEffects":true,"showParticleSystems":true},"in2DMode":false,"pivot":{"x":-10.380035400390625,"y":66.23617553710938,"z":-110.24723815917969},"rotation":{"x":0.2676854431629181,"y":0.05834612250328064,"z":-0.016241593286395074,"w":0.9616044163703919},"size":27.79759407043457,"orthographic":true}