{"cameraMode":{"drawMode":0,"name":"Shaded","section":"Shading Mode"},"sceneLighting":true,"audioPlay":false,"sceneViewState":{"showFog":true,"showMaterialUpdate":false,"showSkybox":true,"showFlares":true,"showImageEffects":true,"showParticleSystems":true},"in2DMode":false,"pivot":{"x":0.3466930389404297,"y":1.599707007408142,"z":-8.51030445098877},"rotation":{"x":0.23218539357185365,"y":0.4008754789829254,"z":-0.10578402876853943,"w":0.8798866868019104},"size":12.048956871032715,"orthographic":true}