{"cameraMode":{"drawMode":0,"name":"Shaded","section":"Shading Mode"},"sceneLighting":true,"audioPlay":false,"sceneViewState":{"showFog":true,"showMaterialUpdate":false,"showSkybox":true,"showFlares":true,"showImageEffects":true,"showParticleSystems":true},"in2DMode":false,"pivot":{"x":-2.6126708984375,"y":-9.698631286621094,"z":5.936820983886719},"rotation":{"x":0.2652105391025543,"y":0.023138266056776048,"z":-0.006365239154547453,"w":0.9638983011245728},"size":19.37778663635254,"orthographic":true}