{"cameraMode":{"drawMode":0,"name":"Shaded","section":"Shading Mode"},"sceneLighting":true,"audioPlay":false,"sceneViewState":{"showFog":true,"showMaterialUpdate":false,"showSkybox":true,"showFlares":true,"showImageEffects":true,"showParticleSystems":true},"in2DMode":false,"pivot":{"x":-1.4847230911254883,"y":-9.581443786621094,"z":5.346975326538086},"rotation":{"x":0.36294955015182497,"y":-0.050282254815101626,"z":0.019618377089500428,"w":0.9302446246147156},"size":17.827167510986329,"orthographic":true}