{"cameraMode":{"drawMode":0,"name":"Shaded","section":"Shading Mode"},"sceneLighting":true,"audioPlay":false,"sceneViewState":{"showFog":true,"showMaterialUpdate":false,"showSkybox":true,"showFlares":true,"showImageEffects":true,"showParticleSystems":true},"in2DMode":false,"pivot":{"x":-3.0069689750671388,"y":-2.99118709564209,"z":-9.710762023925782},"rotation":{"x":0.5122747421264648,"y":-0.012881312519311905,"z":0.007684707175940275,"w":0.8586915731430054},"size":7.752117156982422,"orthographic":false}