{"cameraMode":{"drawMode":0,"name":"Shaded","section":"Shading Mode"},"sceneLighting":true,"audioPlay":false,"sceneViewState":{"showFog":true,"showMaterialUpdate":false,"showSkybox":true,"showFlares":true,"showImageEffects":true,"showParticleSystems":true},"in2DMode":false,"pivot":{"x":-1.2348353862762452,"y":4.678813934326172,"z":-5.2421875},"rotation":{"x":0.27194255590438845,"y":0.06201586872339249,"z":-0.017564665526151658,"w":0.9601525068283081},"size":4.587060928344727,"orthographic":true}