{"cameraMode":{"drawMode":0,"name":"Shaded","section":"Shading Mode"},"sceneLighting":true,"audioPlay":false,"sceneViewState":{"showFog":true,"showMaterialUpdate":false,"showSkybox":true,"showFlares":true,"showImageEffects":true,"showParticleSystems":true},"in2DMode":false,"pivot":{"x":-0.5976366996765137,"y":5.421875,"z":-8.08984375},"rotation":{"x":0.26229095458984377,"y":-0.026917554438114167,"z":0.007319634314626455,"w":0.9645886421203613},"size":5.146599769592285,"orthographic":true}