{"cameraMode":{"drawMode":0,"name":"Shaded","section":"Shading Mode"},"sceneLighting":true,"audioPlay":false,"sceneViewState":{"showFog":true,"showMaterialUpdate":false,"showSkybox":true,"showFlares":true,"showImageEffects":true,"showParticleSystems":true},"in2DMode":false,"pivot":{"x":40.743003845214847,"y":6.938494682312012,"z":-6.167706489562988},"rotation":{"x":0.08203762024641037,"y":-0.7515132427215576,"z":0.0951947569847107,"w":0.6476418972015381},"size":48.083885192871097,"orthographic":true}