{"cameraMode":{"drawMode":0,"name":"Shaded","section":"Shading Mode"},"sceneLighting":true,"audioPlay":false,"sceneViewState":{"showFog":true,"showMaterialUpdate":false,"showSkybox":true,"showFlares":true,"showImageEffects":true,"showParticleSystems":true},"in2DMode":false,"pivot":{"x":-2.383084297180176,"y":1.2316174507141114,"z":8.28136157989502},"rotation":{"x":0.4537774920463562,"y":2.5444044648992305e-9,"z":-1.1638105062994342e-10,"w":0.8911146521568298},"size":40.91831588745117,"orthographic":true}