{"cameraMode":{"drawMode":0,"name":"Shaded","section":"Shading Mode"},"sceneLighting":true,"audioPlay":false,"sceneViewState":{"showFog":true,"showMaterialUpdate":false,"showSkybox":true,"showFlares":true,"showImageEffects":true,"showParticleSystems":true},"in2DMode":false,"pivot":{"x":-1.3200000524520875,"y":-1.2000000476837159,"z":4.960000038146973},"rotation":{"x":0.3981451094150543,"y":0.0049517471343278889,"z":-0.0021493174135684969,"w":0.9173069000244141},"size":13.544458389282227,"orthographic":false}