{"cameraMode":{"drawMode":0,"name":"Shaded","section":"Shading Mode"},"sceneLighting":true,"audioPlay":false,"sceneViewState":{"showFog":true,"showMaterialUpdate":false,"showSkybox":true,"showFlares":true,"showImageEffects":true,"showParticleSystems":true},"in2DMode":false,"pivot":{"x":-0.3586428165435791,"y":-2.964130401611328,"z":6.761314392089844},"rotation":{"x":0.41407033801078799,"y":-0.08662185072898865,"z":0.039621900767087939,"w":0.9052473306655884},"size":12.356751441955567,"orthographic":false}