{"cameraMode":{"drawMode":0,"name":"Shaded","section":"Shading Mode"},"sceneLighting":true,"audioPlay":false,"sceneViewState":{"showFog":true,"showMaterialUpdate":false,"showSkybox":true,"showFlares":true,"showImageEffects":true,"showParticleSystems":true},"in2DMode":false,"pivot":{"x":-5.1780877113342289,"y":0.5242685079574585,"z":-7.368284225463867},"rotation":{"x":0.0333637073636055,"y":0.7178496718406677,"z":-0.03448329493403435,"w":0.6945430040359497},"size":4.764789581298828,"orthographic":true}