{"cameraMode":{"drawMode":0,"name":"Shaded","section":"Shading Mode"},"sceneLighting":true,"audioPlay":false,"sceneViewState":{"showFog":true,"showMaterialUpdate":false,"showSkybox":true,"showFlares":true,"showImageEffects":true,"showParticleSystems":true},"in2DMode":false,"pivot":{"x":8.70258903503418,"y":-14.33526611328125,"z":-2.0584754943847658},"rotation":{"x":0.3320128321647644,"y":0.10160170495510102,"z":-0.03599744662642479,"w":0.937096118927002},"size":38.63124084472656,"orthographic":false}