{"cameraMode":{"drawMode":0,"name":"Shaded","section":"Shading Mode"},"sceneLighting":true,"audioPlay":false,"sceneViewState":{"showFog":true,"showMaterialUpdate":false,"showSkybox":true,"showFlares":true,"showImageEffects":true,"showParticleSystems":true},"in2DMode":false,"pivot":{"x":-49.81669998168945,"y":-10.880388259887696,"z":-60.20163345336914},"rotation":{"x":0.22893847525119782,"y":0.010220911353826523,"z":-0.002403942635282874,"w":0.9733842611312866},"size":14.893718719482422,"orthographic":false}