{"cameraMode":{"drawMode":0,"name":"Shaded","section":"Shading Mode"},"sceneLighting":true,"audioPlay":false,"sceneViewState":{"showFog":true,"showMaterialUpdate":false,"showSkybox":true,"showFlares":true,"showImageEffects":true,"showParticleSystems":true},"in2DMode":false,"pivot":{"x":1.363565444946289,"y":4.600560188293457,"z":-7.054425239562988},"rotation":{"x":0.2289508730173111,"y":0.00146015256177634,"z":-0.0003434362297412008,"w":0.9734373688697815},"size":11.747265815734864,"orthographic":true}