{"cameraMode":{"drawMode":0,"name":"Shaded","section":"Shading Mode"},"sceneLighting":true,"audioPlay":false,"sceneViewState":{"showFog":true,"showMaterialUpdate":false,"showSkybox":true,"showFlares":true,"showImageEffects":true,"showParticleSystems":true},"in2DMode":false,"pivot":{"x":-0.4143829345703125,"y":-37.13595199584961,"z":50.64033508300781},"rotation":{"x":0.22748662531375886,"y":-0.005842643789947033,"z":0.0013649362372234464,"w":0.9737626910209656},"size":39.690677642822269,"orthographic":true}