{"cameraMode":{"drawMode":0,"name":"Shaded","section":"Shading Mode"},"sceneLighting":true,"audioPlay":false,"sceneViewState":{"showFog":true,"showMaterialUpdate":false,"showSkybox":true,"showFlares":true,"showImageEffects":true,"showParticleSystems":true},"in2DMode":false,"pivot":{"x":-2.288682460784912,"y":1.5956453084945679,"z":-9.997294425964356},"rotation":{"x":0.06768321990966797,"y":-0.49398288130760195,"z":0.03860900551080704,"w":0.865973174571991},"size":8.657182693481446,"orthographic":false}