{"cameraMode":{"drawMode":0,"name":"Shaded","section":"Shading Mode"},"sceneLighting":true,"audioPlay":false,"sceneViewState":{"showFog":true,"showMaterialUpdate":false,"showSkybox":true,"showFlares":true,"showImageEffects":true,"showParticleSystems":true},"in2DMode":false,"pivot":{"x":-0.8069004416465759,"y":0.25695228576660159,"z":0.7865419387817383},"rotation":{"x":0.5854907631874085,"y":0.005352177191525698,"z":-0.0038652298972010614,"w":0.8106534481048584},"size":28.042999267578126,"orthographic":false}