{"cameraMode":{"drawMode":0,"name":"Shaded","section":"Shading Mode"},"sceneLighting":true,"audioPlay":false,"sceneViewState":{"showFog":true,"showMaterialUpdate":false,"showSkybox":true,"showFlares":true,"showImageEffects":true,"showParticleSystems":true},"in2DMode":false,"pivot":{"x":388.81414794921877,"y":221.09994506835938,"z":-1.8699951171875},"rotation":{"x":0.019497128203511239,"y":0.013496864587068558,"z":-0.00026324830832891166,"w":0.9997201561927795},"size":760.6862182617188,"orthographic":false}