{"cameraMode":{"drawMode":0,"name":"Shaded","section":"Shading Mode"},"sceneLighting":true,"audioPlay":false,"sceneViewState":{"showFog":true,"showMaterialUpdate":false,"showSkybox":true,"showFlares":true,"showImageEffects":true,"showParticleSystems":true},"in2DMode":false,"pivot":{"x":-50.41999816894531,"y":-12.073051452636719,"z":-65.64603424072266},"rotation":{"x":0.20468570291996003,"y":-0.04842996597290039,"z":0.010138940997421742,"w":0.977581262588501},"size":5.800899982452393,"orthographic":true}