{"cameraMode":{"drawMode":0,"name":"Shaded","section":"Shading Mode"},"sceneLighting":true,"audioPlay":false,"sceneViewState":{"showFog":true,"showMaterialUpdate":false,"showSkybox":true,"showFlares":true,"showImageEffects":true,"showParticleSystems":true},"in2DMode":false,"pivot":{"x":-1.3165704011917115,"y":-1.111365795135498,"z":-10.866233825683594},"rotation":{"x":0.28645992279052737,"y":0.1956869214773178,"z":-0.0598892942070961,"w":0.9359820485115051},"size":1.3596618175506592,"orthographic":false}