{"cameraMode":{"drawMode":0,"name":"Shaded","section":"Shading Mode"},"sceneLighting":true,"audioPlay":false,"sceneViewState":{"showFog":true,"showMaterialUpdate":false,"showSkybox":true,"showFlares":true,"showImageEffects":true,"showParticleSystems":true},"in2DMode":false,"pivot":{"x":2.2921204566955568,"y":18.060348510742189,"z":-12.815933227539063},"rotation":{"x":-0.035084303468465808,"y":0.026983682066202165,"z":0.0009329133317805827,"w":0.9990699291229248},"size":95.70809173583985,"orthographic":false}