{"cameraMode":{"drawMode":0,"name":"Shaded","section":"Shading Mode"},"sceneLighting":true,"audioPlay":false,"sceneViewState":{"showFog":true,"showMaterialUpdate":false,"showSkybox":true,"showFlares":true,"showImageEffects":true,"showParticleSystems":true},"in2DMode":false,"pivot":{"x":10.252609252929688,"y":-21.96407699584961,"z":59.79658508300781},"rotation":{"x":0.016740260645747186,"y":0.644445538520813,"z":-0.014114527963101864,"w":0.7643364667892456},"size":245.89019775390626,"orthographic":true}