{"cameraMode":{"drawMode":0,"name":"Shaded","section":"Shading Mode"},"sceneLighting":true,"audioPlay":false,"sceneViewState":{"showFog":true,"showMaterialUpdate":false,"showSkybox":true,"showFlares":true,"showImageEffects":true,"showParticleSystems":true},"in2DMode":false,"pivot":{"x":704.45947265625,"y":451.7969665527344,"z":195.68209838867188},"rotation":{"x":0.12268669903278351,"y":-0.007443271577358246,"z":0.0009201668435707688,"w":0.992417573928833},"size":858.989990234375,"orthographic":false}