{"cameraMode":{"drawMode":0,"name":"Shaded","section":"Shading Mode"},"sceneLighting":true,"audioPlay":false,"sceneViewState":{"showFog":true,"showMaterialUpdate":false,"showSkybox":true,"showFlares":true,"showImageEffects":true,"showParticleSystems":true},"in2DMode":false,"pivot":{"x":1.015665888786316,"y":-0.6565628051757813,"z":-9.346063613891602},"rotation":{"x":0.5602145791053772,"y":0.08782223612070084,"z":-0.05988965928554535,"w":0.8215035796165466},"size":16.22157096862793,"orthographic":false}