{"cameraMode":{"drawMode":0,"name":"Shaded","section":"Shading Mode"},"sceneLighting":false,"audioPlay":false,"sceneViewState":{"showFog":true,"showMaterialUpdate":false,"showSkybox":false,"showFlares":true,"showImageEffects":true,"showParticleSystems":true},"in2DMode":false,"pivot":{"x":-2.0999999046325685,"y":0.050000011920928958,"z":-41.400001525878909},"rotation":{"x":0.22309261560440064,"y":0.010821832343935967,"z":-0.002477663801982999,"w":0.9747368097305298},"size":14.87501049041748,"orthographic":true}