{"cameraMode":{"drawMode":0,"name":"Shaded","section":"Shading Mode"},"sceneLighting":true,"audioPlay":false,"sceneViewState":{"showFog":true,"showMaterialUpdate":false,"showSkybox":true,"showFlares":true,"showImageEffects":true,"showParticleSystems":true},"in2DMode":false,"pivot":{"x":160.47500610351563,"y":74.4749984741211,"z":0.2449999898672104},"rotation":{"x":0.355808287858963,"y":-0.057423628866672519,"z":0.021909713745117189,"w":0.9325374364852905},"size":114.33916473388672,"orthographic":true}