{"cameraMode":{"drawMode":0,"name":"Shaded","section":"Shading Mode"},"sceneLighting":true,"audioPlay":false,"sceneViewState":{"showFog":true,"showMaterialUpdate":false,"showSkybox":true,"showFlares":true,"showImageEffects":true,"showParticleSystems":true},"in2DMode":false,"pivot":{"x":-2.341886520385742,"y":0.8555219173431397,"z":-5.7511820793151859},"rotation":{"x":0.20551007986068726,"y":0.011743542738258839,"z":-0.002466239733621478,"w":0.978581428527832},"size":4.974691867828369,"orthographic":false}