{"cameraMode":{"drawMode":0,"name":"Shaded","section":"Shading Mode"},"sceneLighting":true,"audioPlay":false,"sceneViewState":{"showFog":true,"showMaterialUpdate":false,"showSkybox":true,"showFlares":true,"showImageEffects":true,"showParticleSystems":true},"in2DMode":false,"pivot":{"x":-2.3274505138397219,"y":-9.541485786437989,"z":2.952867031097412},"rotation":{"x":0.2862298786640167,"y":-0.025866320356726648,"z":0.007729779928922653,"w":0.9577831029891968},"size":27.38724708557129,"orthographic":false}