{"cameraMode":{"drawMode":0,"name":"Shaded","section":"Shading Mode"},"sceneLighting":true,"audioPlay":false,"sceneViewState":{"showFog":true,"showMaterialUpdate":false,"showSkybox":true,"showFlares":true,"showImageEffects":true,"showParticleSystems":true},"in2DMode":false,"pivot":{"x":-1.25,"y":1.1642959117889405,"z":-9.798089981079102},"rotation":{"x":0.35713234543800356,"y":-0.10198474675416947,"z":0.03926309943199158,"w":0.9276405572891235},"size":6.675699710845947,"orthographic":false}