{"cameraMode":{"drawMode":0,"name":"Shaded","section":"Shading Mode"},"sceneLighting":true,"audioPlay":false,"sceneViewState":{"showFog":true,"showMaterialUpdate":false,"showSkybox":true,"showFlares":true,"showImageEffects":true,"showParticleSystems":true},"in2DMode":false,"pivot":{"x":-1.1916656494140626,"y":-0.732670783996582,"z":-10.783439636230469},"rotation":{"x":0.43361061811447146,"y":0.004054607357829809,"z":-0.0019516716711223126,"w":0.9010908603668213},"size":11.18529987335205,"orthographic":false}