{"cameraMode":{"drawMode":0,"name":"Shaded","section":"Shading Mode"},"sceneLighting":true,"audioPlay":false,"sceneViewState":{"showFog":true,"showMaterialUpdate":false,"showSkybox":true,"showFlares":true,"showImageEffects":true,"showParticleSystems":true},"in2DMode":false,"pivot":{"x":846.678955078125,"y":167.57630920410157,"z":0.0},"rotation":{"x":-0.005999814718961716,"y":0.007499766070395708,"z":0.00004499690476222895,"w":0.9999536275863648},"size":380.377685546875,"orthographic":false}