{"cameraMode":{"drawMode":0,"name":"Shaded","section":"Shading Mode"},"sceneLighting":true,"audioPlay":false,"sceneViewState":{"showFog":true,"showMaterialUpdate":false,"showSkybox":true,"showFlares":true,"showImageEffects":true,"showParticleSystems":true},"in2DMode":false,"pivot":{"x":0.08390259742736817,"y":-15.287797927856446,"z":13.497379302978516},"rotation":{"x":0.31262490153312685,"y":0.015672022476792337,"z":-0.005158780142664909,"w":0.9497333765029907},"size":33.48929977416992,"orthographic":false}