{"cameraMode":{"drawMode":0,"name":"Shaded","section":"Shading Mode"},"sceneLighting":true,"audioPlay":false,"sceneViewState":{"showFog":true,"showMaterialUpdate":false,"showSkybox":true,"showFlares":true,"showImageEffects":true,"showParticleSystems":true},"in2DMode":false,"pivot":{"x":-1.7999999523162842,"y":-1.4326679706573487,"z":-1.5047657489776612},"rotation":{"x":0.2910741865634918,"y":-0.030130133032798768,"z":0.009172040037810803,"w":0.956182599067688},"size":3.8136587142944338,"orthographic":false}