{"cameraMode":{"drawMode":0,"name":"Shaded","section":"Shading Mode"},"sceneLighting":true,"audioPlay":false,"sceneViewState":{"showFog":true,"showMaterialUpdate":false,"showSkybox":true,"showFlares":true,"showImageEffects":true,"showParticleSystems":true},"in2DMode":false,"pivot":{"x":-1.2474621534347535,"y":3.5565388202667238,"z":-20.39686393737793},"rotation":{"x":0.06295811384916306,"y":0.002994035603478551,"z":-0.00018887544865719974,"w":0.9980122447013855},"size":25.179462432861329,"orthographic":true}