{"cameraMode":{"drawMode":0,"name":"Shaded","section":"Shading Mode"},"sceneLighting":true,"audioPlay":false,"sceneViewState":{"showFog":true,"showMaterialUpdate":false,"showSkybox":true,"showFlares":true,"showImageEffects":true,"showParticleSystems":true},"in2DMode":false,"pivot":{"x":-3.4654290676116945,"y":-5.626134872436523,"z":3.083751678466797},"rotation":{"x":0.25161153078079226,"y":0.02032151073217392,"z":-0.005287792067974806,"w":0.9676196575164795},"size":25.095033645629884,"orthographic":false}