{"cameraMode":{"drawMode":0,"name":"Shaded","section":"Shading Mode"},"sceneLighting":true,"audioPlay":false,"sceneViewState":{"showFog":true,"showMaterialUpdate":false,"showSkybox":true,"showFlares":true,"showImageEffects":true,"showParticleSystems":true},"in2DMode":false,"pivot":{"x":-0.8899979591369629,"y":0.32494890689849856,"z":-19.509998321533204},"rotation":{"x":0.1644165962934494,"y":0.4771009385585785,"z":-0.09099103510379791,"w":0.8588030934333801},"size":484.6711730957031,"orthographic":false}