{"cameraMode":{"drawMode":0,"name":"Shaded","section":"Shading Mode"},"sceneLighting":true,"audioPlay":false,"sceneViewState":{"showFog":true,"showMaterialUpdate":false,"showSkybox":true,"showFlares":true,"showImageEffects":true,"showParticleSystems":true},"in2DMode":false,"pivot":{"x":-53.165794372558597,"y":-14.012996673583985,"z":-58.78671646118164},"rotation":{"x":0.22239576280117036,"y":-0.4279211759567261,"z":0.10949496924877167,"w":0.8691600561141968},"size":6.971671104431152,"orthographic":true}