{"cameraMode":{"drawMode":0,"name":"Shaded","section":"Shading Mode"},"sceneLighting":true,"audioPlay":false,"sceneViewState":{"showFog":true,"showMaterialUpdate":false,"showSkybox":true,"showFlares":true,"showImageEffects":true,"showParticleSystems":true},"in2DMode":false,"pivot":{"x":2.600548267364502,"y":-1.6763542890548707,"z":-6.291274547576904},"rotation":{"x":0.1517525613307953,"y":-0.02815505489706993,"z":0.004405964631587267,"w":0.9880632758140564},"size":8.597859382629395,"orthographic":true}