{"cameraMode":{"drawMode":0,"name":"Shaded","section":"Shading Mode"},"sceneLighting":true,"audioPlay":false,"sceneViewState":{"showFog":true,"showMaterialUpdate":false,"showSkybox":true,"showFlares":true,"showImageEffects":true,"showParticleSystems":true},"in2DMode":false,"pivot":{"x":-5.354063034057617,"y":-6.476224899291992,"z":4.351993560791016},"rotation":{"x":0.18787553906440736,"y":0.0035379230976104738,"z":-0.0006765835569240153,"w":0.9821868538856506},"size":11.452070236206055,"orthographic":true}