{"cameraMode":{"drawMode":0,"name":"Shaded","section":"Shading Mode"},"sceneLighting":true,"audioPlay":false,"sceneViewState":{"showFog":true,"showMaterialUpdate":false,"showSkybox":true,"showFlares":true,"showImageEffects":true,"showParticleSystems":true},"in2DMode":false,"pivot":{"x":-2.367032289505005,"y":1.8302373886108399,"z":-7.701981067657471},"rotation":{"x":0.09261912852525711,"y":-0.30635666847229006,"z":0.029965320602059366,"w":0.9469291567802429},"size":8.080995559692383,"orthographic":true}