{"cameraMode":{"drawMode":0,"name":"Shaded","section":"Shading Mode"},"sceneLighting":true,"audioPlay":false,"sceneViewState":{"showFog":true,"showMaterialUpdate":false,"showSkybox":true,"showFlares":true,"showImageEffects":true,"showParticleSystems":true},"in2DMode":false,"pivot":{"x":-2.950057029724121,"y":-15.998157501220704,"z":-10.9453125},"rotation":{"x":0.3012252151966095,"y":-0.011442284099757672,"z":0.0036148782819509508,"w":0.9534778594970703},"size":1070.53076171875,"orthographic":true}