{"cameraMode":{"drawMode":0,"name":"Shaded","section":"Shading Mode"},"sceneLighting":true,"audioPlay":false,"sceneViewState":{"showFog":true,"showMaterialUpdate":false,"showSkybox":true,"showFlares":true,"showImageEffects":true,"showParticleSystems":true},"in2DMode":false,"pivot":{"x":2.0875415802001955,"y":0.1791839599609375,"z":-42.26192092895508},"rotation":{"x":0.03772526606917381,"y":-0.4386264681816101,"z":0.01843298226594925,"w":0.8976888656616211},"size":3.8373794555664064,"orthographic":true}