{"cameraMode":{"drawMode":0,"name":"Shaded","section":"Shading Mode"},"sceneLighting":true,"audioPlay":false,"sceneViewState":{"showFog":true,"showMaterialUpdate":false,"showSkybox":true,"showFlares":true,"showImageEffects":true,"showParticleSystems":true},"in2DMode":false,"pivot":{"x":-6.98842716217041,"y":-0.03486824035644531,"z":-4.5473737716674809},"rotation":{"x":0.32825589179992678,"y":-0.0150164058431983,"z":0.005219359882175922,"w":0.944456160068512},"size":15.605765342712403,"orthographic":true}