{"cameraMode":{"drawMode":0,"name":"Shaded","section":"Shading Mode"},"sceneLighting":true,"audioPlay":false,"sceneViewState":{"showFog":true,"showMaterialUpdate":false,"showSkybox":true,"showFlares":true,"showImageEffects":true,"showParticleSystems":true},"in2DMode":false,"pivot":{"x":-2.2286949157714845,"y":-1.2802734375,"z":-2.2216796875},"rotation":{"x":0.3234715461730957,"y":0.0070834471844136719,"z":-0.0024537346325814726,"w":0.9462332129478455},"size":2.7667436599731447,"orthographic":true}