{"cameraMode":{"drawMode":0,"name":"Shaded","section":"Shading Mode"},"sceneLighting":true,"audioPlay":false,"sceneViewState":{"showFog":true,"showMaterialUpdate":false,"showSkybox":true,"showFlares":true,"showImageEffects":true,"showParticleSystems":true},"in2DMode":false,"pivot":{"x":-1.1999988555908204,"y":-2.059999942779541,"z":-2.7000017166137697},"rotation":{"x":0.14478358626365663,"y":0.4508931636810303,"z":-0.07438453286886215,"w":0.8776185512542725},"size":13.326905250549317,"orthographic":true}