{"cameraMode":{"drawMode":0,"name":"Shaded","section":"Shading Mode"},"sceneLighting":true,"audioPlay":false,"sceneViewState":{"showFog":true,"showMaterialUpdate":false,"showSkybox":true,"showFlares":true,"showImageEffects":true,"showParticleSystems":true},"in2DMode":false,"pivot":{"x":2.296598434448242,"y":37.01484298706055,"z":-51.83723068237305},"rotation":{"x":0.32119524478912356,"y":-0.006822231225669384,"z":0.002313857665285468,"w":0.9469861388206482},"size":6.151848793029785,"orthographic":true}