{"cameraMode":{"drawMode":0,"name":"Shaded","section":"Shading Mode"},"sceneLighting":true,"audioPlay":false,"sceneViewState":{"showFog":true,"showMaterialUpdate":false,"showSkybox":true,"showFlares":true,"showImageEffects":true,"showParticleSystems":true},"in2DMode":false,"pivot":{"x":-1.0739998817443848,"y":1.417104721069336,"z":-11.099845886230469},"rotation":{"x":0.44696736335754397,"y":-0.02147638238966465,"z":0.01070425845682621,"w":0.8942700028419495},"size":54.48708724975586,"orthographic":true}