{"cameraMode":{"drawMode":0,"name":"Shaded","section":"Shading Mode"},"sceneLighting":true,"audioPlay":false,"sceneViewState":{"showFog":true,"showMaterialUpdate":false,"showSkybox":true,"showFlares":true,"showImageEffects":true,"showParticleSystems":true},"in2DMode":false,"pivot":{"x":-2.429999828338623,"y":2.4499998092651369,"z":-5.46999979019165},"rotation":{"x":0.4537774920463562,"y":2.5444044648992305e-9,"z":-1.1638105062994342e-10,"w":0.8911146521568298},"size":7.449049472808838,"orthographic":true}