{"cameraMode":{"drawMode":0,"name":"Shaded","section":"Shading Mode"},"sceneLighting":true,"audioPlay":false,"sceneViewState":{"showFog":true,"showMaterialUpdate":false,"showSkybox":true,"showFlares":true,"showImageEffects":true,"showParticleSystems":true},"in2DMode":false,"pivot":{"x":-14.037242889404297,"y":1.720000147819519,"z":13.277375221252442},"rotation":{"x":0.19958439469337464,"y":0.024983912706375123,"z":-0.005090505816042423,"w":0.9795488715171814},"size":23.710216522216798,"orthographic":false}