{"cameraMode":{"drawMode":0,"name":"Shaded","section":"Shading Mode"},"sceneLighting":true,"audioPlay":false,"sceneViewState":{"showFog":true,"showMaterialUpdate":false,"showSkybox":true,"showFlares":true,"showImageEffects":true,"showParticleSystems":true},"in2DMode":false,"pivot":{"x":-1.5433788299560547,"y":-1.723813533782959,"z":-8.48456859588623},"rotation":{"x":0.46248793601989748,"y":0.01728721894323826,"z":-0.009019657038152218,"w":0.8864115476608276},"size":3.1832051277160646,"orthographic":true}