{"cameraMode":{"drawMode":0,"name":"Shaded","section":"Shading Mode"},"sceneLighting":true,"audioPlay":false,"sceneViewState":{"showFog":true,"showMaterialUpdate":false,"showSkybox":true,"showFlares":true,"showImageEffects":true,"showParticleSystems":true},"in2DMode":false,"pivot":{"x":643.2000122070313,"y":112.79999542236328,"z":0.0},"rotation":{"x":0.026996327564120294,"y":0.00599807919934392,"z":-0.00016128284914884716,"w":0.9996218085289002},"size":1244.5999755859375,"orthographic":false}