{"cameraMode":{"drawMode":0,"name":"Shaded","section":"Shading Mode"},"sceneLighting":true,"audioPlay":false,"sceneViewState":{"showFog":true,"showMaterialUpdate":false,"showSkybox":true,"showFlares":true,"showImageEffects":true,"showParticleSystems":true},"in2DMode":false,"pivot":{"x":482.02191162109377,"y":413.19659423828127,"z":-1.727783203125},"rotation":{"x":-0.005999814718961716,"y":0.007499766070395708,"z":0.00004499690476222895,"w":0.9999536275863648},"size":2243.584716796875,"orthographic":false}