{"cameraMode":{"drawMode":0,"name":"Shaded","section":"Shading Mode"},"sceneLighting":true,"audioPlay":false,"sceneViewState":{"showFog":true,"showMaterialUpdate":false,"showSkybox":true,"showFlares":true,"showImageEffects":true,"showParticleSystems":true},"in2DMode":false,"pivot":{"x":-1.3899602890014649,"y":1.6227543354034424,"z":0.5778782367706299},"rotation":{"x":0.015163099393248558,"y":0.9669910669326782,"z":-0.24742726981639863,"w":0.059265926480293277},"size":7.600053310394287,"orthographic":true}