{"cameraMode":{"drawMode":0,"name":"Shaded","section":"Shading Mode"},"sceneLighting":true,"audioPlay":false,"sceneViewState":{"showFog":true,"showMaterialUpdate":false,"showSkybox":true,"showFlares":true,"showImageEffects":true,"showParticleSystems":true},"in2DMode":false,"pivot":{"x":-6.48558235168457,"y":2.5095200538635256,"z":6.688190460205078},"rotation":{"x":0.07635131478309632,"y":-0.043959204107522967,"z":0.003369380021467805,"w":0.9961074590682983},"size":20.614765167236329,"orthographic":true}