{"cameraMode":{"drawMode":0,"name":"Shaded","section":"Shading Mode"},"sceneLighting":true,"audioPlay":false,"sceneViewState":{"showFog":true,"showMaterialUpdate":false,"showSkybox":true,"showFlares":true,"showImageEffects":true,"showParticleSystems":true},"in2DMode":false,"pivot":{"x":-2.666916847229004,"y":1.371934175491333,"z":-9.933185577392579},"rotation":{"x":0.18492186069488526,"y":-0.008844646625220776,"z":0.001664342125877738,"w":0.9827119708061218},"size":89.54722595214844,"orthographic":false}