{"cameraMode":{"drawMode":0,"name":"Shaded","section":"Shading Mode"},"sceneLighting":true,"audioPlay":false,"sceneViewState":{"showFog":true,"showMaterialUpdate":false,"showSkybox":true,"showFlares":true,"showImageEffects":true,"showParticleSystems":true},"in2DMode":false,"pivot":{"x":-3.009955406188965,"y":-0.762204110622406,"z":-13.046425819396973},"rotation":{"x":0.1503310203552246,"y":-0.08797396719455719,"z":0.013401629403233529,"w":0.9846647381782532},"size":7.615833282470703,"orthographic":true}