{"cameraMode":{"drawMode":0,"name":"Shaded","section":"Shading Mode"},"sceneLighting":true,"audioPlay":false,"sceneViewState":{"showFog":true,"showMaterialUpdate":false,"showSkybox":true,"showFlares":true,"showImageEffects":true,"showParticleSystems":true},"in2DMode":false,"pivot":{"x":-3.2125649452209474,"y":12.14564037322998,"z":-16.55624008178711},"rotation":{"x":0.27873143553733828,"y":-0.0805521085858345,"z":0.02346867136657238,"w":0.9566972255706787},"size":3.8499178886413576,"orthographic":false}