{"cameraMode":{"drawMode":0,"name":"Shaded","section":"Shading Mode"},"sceneLighting":true,"audioPlay":false,"sceneViewState":{"showFog":true,"showMaterialUpdate":false,"showSkybox":true,"showFlares":true,"showImageEffects":true,"showParticleSystems":true},"in2DMode":false,"pivot":{"x":-2.6232070922851564,"y":21.343074798583986,"z":-23.300689697265626},"rotation":{"x":0.4268285632133484,"y":-0.008138382807374,"z":0.0038422239013016226,"w":0.9042922258377075},"size":17.539817810058595,"orthographic":true}