{"cameraMode":{"drawMode":0,"name":"Shaded","section":"Shading Mode"},"sceneLighting":true,"audioPlay":false,"sceneViewState":{"showFog":true,"showMaterialUpdate":false,"showSkybox":true,"showFlares":true,"showImageEffects":true,"showParticleSystems":true},"in2DMode":false,"pivot":{"x":-3.009955406188965,"y":-0.762204110622406,"z":-13.046425819396973},"rotation":{"x":0.24934883415699006,"y":-0.004955438897013664,"z":0.0012206339742988349,"w":0.968443751335144},"size":20.525943756103517,"orthographic":true}