{"cameraMode":{"drawMode":0,"name":"Shaded","section":"Shading Mode"},"sceneLighting":true,"audioPlay":false,"sceneViewState":{"showFog":true,"showMaterialUpdate":false,"showSkybox":true,"showFlares":true,"showImageEffects":true,"showParticleSystems":true},"in2DMode":false,"pivot":{"x":1.5828076601028443,"y":-5.638079643249512,"z":-3.308547258377075},"rotation":{"x":0.15958985686302186,"y":0.05415911227464676,"z":-0.008928598836064339,"w":0.9858272671699524},"size":18.151386260986329,"orthographic":true}