{"cameraMode":{"drawMode":0,"name":"Shaded","section":"Shading Mode"},"sceneLighting":true,"audioPlay":false,"sceneViewState":{"showFog":true,"showMaterialUpdate":false,"showSkybox":true,"showFlares":true,"showImageEffects":true,"showParticleSystems":true},"in2DMode":false,"pivot":{"x":386.6350402832031,"y":145.1771697998047,"z":21.854736328125},"rotation":{"x":-0.005999814718961716,"y":0.007499766070395708,"z":0.00004499690476222895,"w":0.9999536275863648},"size":375.4931640625,"orthographic":false}