{"cameraMode":{"drawMode":0,"name":"Shaded","section":"Shading Mode"},"sceneLighting":true,"audioPlay":false,"sceneViewState":{"showFog":true,"showMaterialUpdate":false,"showSkybox":true,"showFlares":true,"showImageEffects":true,"showParticleSystems":true},"in2DMode":false,"pivot":{"x":-2.5994062423706056,"y":1.8799998760223389,"z":-0.36000001430511477},"rotation":{"x":0.1257518082857132,"y":-0.20905353128910066,"z":0.02711852826178074,"w":0.9694069623947144},"size":8.938737869262696,"orthographic":true}