{"cameraMode":{"drawMode":0,"name":"Shaded","section":"Shading Mode"},"sceneLighting":true,"audioPlay":false,"sceneViewState":{"showFog":true,"showMaterialUpdate":false,"showSkybox":true,"showFlares":true,"showImageEffects":true,"showParticleSystems":true},"in2DMode":false,"pivot":{"x":-0.9017333984375,"y":-3.0771484375,"z":5.404296875},"rotation":{"x":0.17458392679691316,"y":0.013583953492343426,"z":-0.002408774569630623,"w":0.9845473170280457},"size":18.597713470458986,"orthographic":true}