{"cameraMode":{"drawMode":0,"name":"Shaded","section":"Shading Mode"},"sceneLighting":true,"audioPlay":false,"sceneViewState":{"showFog":true,"showMaterialUpdate":false,"showSkybox":true,"showFlares":true,"showImageEffects":true,"showParticleSystems":true},"in2DMode":false,"pivot":{"x":-1.669464111328125,"y":24.95000457763672,"z":-37.592247009277347},"rotation":{"x":0.3348049819469452,"y":0.002826444571837783,"z":-0.0010060257045552135,"w":0.9422881603240967},"size":8.572561264038086,"orthographic":true}