{"cameraMode":{"drawMode":0,"name":"Shaded","section":"Shading Mode"},"sceneLighting":true,"audioPlay":false,"sceneViewState":{"showFog":true,"showMaterialUpdate":false,"showSkybox":true,"showFlares":true,"showImageEffects":true,"showParticleSystems":true},"in2DMode":false,"pivot":{"x":-7.3579301834106449,"y":2.005359649658203,"z":-48.16242599487305},"rotation":{"x":0.4684312641620636,"y":0.11418882757425308,"z":-0.06116439774632454,"w":0.8739928603172302},"size":18.972137451171876,"orthographic":false}