{"cameraMode":{"drawMode":0,"name":"Shaded","section":"Shading Mode"},"sceneLighting":true,"audioPlay":false,"sceneViewState":{"showFog":true,"showMaterialUpdate":false,"showSkybox":true,"showFlares":true,"showImageEffects":true,"showParticleSystems":true},"in2DMode":false,"pivot":{"x":-17.427906036376954,"y":-0.7999999523162842,"z":-7.899999618530273},"rotation":{"x":0.1685982644557953,"y":0.03252128139138222,"z":-0.005565758794546127,"w":0.9851342439651489},"size":124.4622802734375,"orthographic":false}