{"cameraMode":{"drawMode":0,"name":"Shaded","section":"Shading Mode"},"sceneLighting":true,"audioPlay":false,"sceneViewState":{"showFog":true,"showMaterialUpdate":false,"showSkybox":true,"showFlares":true,"showImageEffects":true,"showParticleSystems":true},"in2DMode":false,"pivot":{"x":-1.1368606090545655,"y":-3.9578750133514406,"z":4.4991655349731449},"rotation":{"x":0.16423740983009339,"y":0.013316245749592781,"z":-0.002217341447249055,"w":0.9863287210464478},"size":32.148468017578128,"orthographic":false}