{"cameraMode":{"drawMode":0,"name":"Shaded","section":"Shading Mode"},"sceneLighting":true,"audioPlay":false,"sceneViewState":{"showFog":true,"showMaterialUpdate":false,"showSkybox":true,"showFlares":true,"showImageEffects":true,"showParticleSystems":true},"in2DMode":false,"pivot":{"x":-0.3060760498046875,"y":1.9191436767578126,"z":-80.71905517578125},"rotation":{"x":0.32119524478912356,"y":-0.006822231225669384,"z":0.002313857665285468,"w":0.9469861388206482},"size":63.1037483215332,"orthographic":true}