{"cameraMode":{"drawMode":0,"name":"Shaded","section":"Shading Mode"},"sceneLighting":true,"audioPlay":false,"sceneViewState":{"showFog":true,"showMaterialUpdate":false,"showSkybox":true,"showFlares":true,"showImageEffects":true,"showParticleSystems":true},"in2DMode":false,"pivot":{"x":-0.3335689306259155,"y":3.770026683807373,"z":7.538926124572754},"rotation":{"x":0.2216416746377945,"y":-0.004388058558106422,"z":0.0009973942069336773,"w":0.9751175045967102},"size":8.060486793518067,"orthographic":false}