{"cameraMode":{"drawMode":0,"name":"Shaded","section":"Shading Mode"},"sceneLighting":true,"audioPlay":false,"sceneViewState":{"showFog":true,"showMaterialUpdate":false,"showSkybox":true,"showFlares":true,"showImageEffects":true,"showParticleSystems":true},"in2DMode":false,"pivot":{"x":-2.51971435546875,"y":-0.693359375,"z":-10.509765625},"rotation":{"x":0.19964861869812013,"y":0.0029396037571132185,"z":-0.0005989476921968162,"w":0.9798638820648193},"size":10.265887260437012,"orthographic":true}