{"cameraMode":{"drawMode":0,"name":"Shaded","section":"Shading Mode"},"sceneLighting":true,"audioPlay":false,"sceneViewState":{"showFog":true,"showMaterialUpdate":false,"showSkybox":true,"showFlares":true,"showImageEffects":true,"showParticleSystems":true},"in2DMode":false,"pivot":{"x":1.702620029449463,"y":-19.04543113708496,"z":-13.304039001464844},"rotation":{"x":0.19958439469337464,"y":0.024983912706375123,"z":-0.005090505816042423,"w":0.9795488715171814},"size":69.15190887451172,"orthographic":false}