{"cameraMode":{"drawMode":0,"name":"Shaded","section":"Shading Mode"},"sceneLighting":true,"audioPlay":false,"sceneViewState":{"showFog":true,"showMaterialUpdate":false,"showSkybox":true,"showFlares":true,"showImageEffects":true,"showParticleSystems":true},"in2DMode":false,"pivot":{"x":-1.725203514099121,"y":-2.6465954780578615,"z":-2.7421875},"rotation":{"x":0.17607547342777253,"y":0.004429733380675316,"z":-0.0007923449156805873,"w":0.9843663573265076},"size":2243.706298828125,"orthographic":true}