{"cameraMode":{"drawMode":0,"name":"Shaded","section":"Shading Mode"},"sceneLighting":true,"audioPlay":false,"sceneViewState":{"showFog":true,"showMaterialUpdate":false,"showSkybox":true,"showFlares":true,"showImageEffects":true,"showParticleSystems":true},"in2DMode":false,"pivot":{"x":-1.5286948680877686,"y":-1.4502733945846558,"z":-4.091679573059082},"rotation":{"x":-0.04346686601638794,"y":0.667665958404541,"z":0.039102647453546527,"w":0.7421691417694092},"size":3.183319330215454,"orthographic":false}