{"cameraMode":{"drawMode":0,"name":"Shaded","section":"Shading Mode"},"sceneLighting":true,"audioPlay":false,"sceneViewState":{"showFog":true,"showMaterialUpdate":false,"showSkybox":true,"showFlares":true,"showImageEffects":true,"showParticleSystems":true},"in2DMode":false,"pivot":{"x":-38.57308578491211,"y":-13.79957389831543,"z":10.220705032348633},"rotation":{"x":0.140255406498909,"y":-0.567912220954895,"z":0.09894822537899018,"w":0.8049939274787903},"size":52.703731536865237,"orthographic":false}