{"cameraMode":{"drawMode":0,"name":"Shaded","section":"Shading Mode"},"sceneLighting":true,"audioPlay":false,"sceneViewState":{"showFog":true,"showMaterialUpdate":false,"showSkybox":true,"showFlares":true,"showImageEffects":true,"showParticleSystems":true},"in2DMode":false,"pivot":{"x":-4.575347900390625,"y":-13.627967834472657,"z":2.188687324523926},"rotation":{"x":-0.3296163082122803,"y":0.04585663974285126,"z":-0.016031021252274514,"w":-0.9428645968437195},"size":36.55763244628906,"orthographic":false}