{"cameraMode":{"drawMode":0,"name":"Shaded","section":"Shading Mode"},"sceneLighting":true,"audioPlay":false,"sceneViewState":{"showFog":true,"showMaterialUpdate":false,"showSkybox":true,"showFlares":true,"showImageEffects":true,"showParticleSystems":true},"in2DMode":false,"pivot":{"x":-1.8600001335144044,"y":0.3499999940395355,"z":-41.33000183105469},"rotation":{"x":-0.29233941435813906,"y":-0.11241758614778519,"z":0.03462838754057884,"w":-0.949053943157196},"size":30.87143898010254,"orthographic":false}