{"cameraMode":{"drawMode":0,"name":"Shaded","section":"Shading Mode"},"sceneLighting":true,"audioPlay":false,"sceneViewState":{"showFog":true,"showMaterialUpdate":false,"showSkybox":true,"showFlares":true,"showImageEffects":true,"showParticleSystems":true},"in2DMode":false,"pivot":{"x":0.8691463470458984,"y":1.23509681224823,"z":0.6118979454040527},"rotation":{"x":-0.2203454226255417,"y":-0.03452421352267265,"z":0.007804386783391237,"w":-0.974780797958374},"size":14.925745964050293,"orthographic":false}